{"Sociology": {"male": [65.639874108763621], "female": [98.28885786747783]}, "Psychology": {"male": [47.347115010822371], "female": [82.490365412351366]}, "Humanities": {"male": [93.949381465109283], "female": [136.22218584396319]}, "Languages": {"male": [110.52903343185108], "female": [193.31303021468344]}, "Music": {"male": [81.302978105160904], "female": [130.43732301465752]}, "Political Science": {"male": [60.300041114436482], "female": [88.662045745911712]}, "Mathematics": {"male": [67.766746857317116], "female": [104.91042288495888]}, "Biology": {"male": [42.487149224854868], "female": [74.105366229154967]}, "Business": {"male": [71.098421333468494], "female": [125.6120680631317]}, "Fine Arts": {"male": [101.4554739775235], "female": [142.64744141435617]}, "Philosophy": {"male": [63.28485255042083], "female": [79.003402985710352]}, "Anthropology": {"male": [40.539766724047325], "female": [70.644966379921982]}, "Computer Science": {"male": [87.391548520933853], "female": [106.49869658521342]}, "Health Science": {"male": [87.206477924675411], "female": [111.58125409786085]}, "Science": {"male": [45.171332747705826], "female": [70.992358670407995]}, "Economics": {"male": [46.745172252957765], "female": [75.946303696232917]}, "English": {"male": [147.46847188400656], "female": [208.28104419615136]}, "Chemistry": {"male": [50.03798303078306], "female": [91.121536142279282]}, "Physics": {"male": [39.456306069200423], "female": [53.002008092209813]}, "History": {"male": [66.823943244005932], "female": [103.60083566147743]}, "Communication": {"male": [115.31639047363269], "female": [170.30541161957026]}, "Criminal Justice": {"male": [91.75232606482875], "female": [114.33355408664359]}, "Engineering": {"male": [70.000959786530785], "female": [115.25462798178977]}, "Accounting": {"male": [55.908926801560966], "female": [87.618600686395212]}, "Education": {"male": [54.200102139657723], "female": [91.531299054290784]}}
