{"Sociology": {"male": [71.544716340305115], "female": [45.945679121483721]}, "Psychology": {"male": [72.75288404101974], "female": [40.059617696467157]}, "Humanities": {"male": [120.74235321627009], "female": [59.278242254865823]}, "Languages": {"male": [89.318771152817817], "female": [41.669697624053981]}, "Music": {"male": [129.80258543470376], "female": [96.284963991892312]}, "Political Science": {"male": [158.81841814647356], "female": [131.25686667867348]}, "Mathematics": {"male": [50.839356925025243], "female": [21.159231632519848]}, "Biology": {"male": [49.356674710938741], "female": [36.327581683763832]}, "Business": {"male": [39.77287926080168], "female": [22.724690376093626]}, "Fine Arts": {"male": [99.181961955618206], "female": [59.09679715737613]}, "Philosophy": {"male": [185.45213312601584], "female": [155.25886151974382]}, "Anthropology": {"male": [113.25797328530723], "female": [85.328037823592041]}, "Computer Science": {"male": [49.150858310638718], "female": [19.107945561463094]}, "Health Science": {"male": [45.972980210290835], "female": [19.487430293147529]}, "Science": {"male": [67.756999121558735], "female": [43.511445636701673]}, "Economics": {"male": [71.104124399453198], "female": [37.406388387696815]}, "English": {"male": [148.20266768997246], "female": [76.094698962515253]}, "Chemistry": {"male": [62.566577255284471], "female": [33.993526436497966]}, "Physics": {"male": [93.228616995367375], "female": [44.453297109595333]}, "History": {"male": [115.49285101168337], "female": [81.122458858450102]}, "Communication": {"male": [56.203649443758415], "female": [27.951788472187086]}, "Criminal Justice": {"male": [49.890327297750638], "female": [27.490034862362393]}, "Engineering": {"male": [64.845081728599339], "female": [31.638525328334445]}, "Accounting": {"male": [22.133611124525419], "female": [13.118039085816232]}, "Education": {"male": [81.445073268683529], "female": [35.078840101020532]}}
